call_id,duration_seconds
290d7317-5d4c-4f3d-8b13-d269a4d61cb3,17
71692c5c-702d-4a4d-811a-cff72643f425,16
c5f11ba9-52ac-4fca-8396-ac02cfd13353,42
00f77f3c-b2bc-4b5c-a486-a168f9678444,29
70aa0566-4f7e-4635-852f-34382f197de2,16
5c876861-8a69-43de-bed1-7ee8f9bca1a1,42
70c0c4d8-1e47-49c0-875e-80fe38212d59,17
f0cbf521-964f-483a-af36-b4cf5d81543c,28
d62622c1-98c8-4aee-b45e-d6f48482773e,17
5132a9a0-93c5-4345-8306-c448675da1e4,16
be3ee3ad-5085-4e8a-b3f7-1010e7105186,30
505d45ae-682f-41a1-8b10-d28967384938,42
39f198cb-925b-4c60-867f-d1e2bae3bfe4,44
e1fad4a4-bae3-4e48-ae14-c2cbe46b7cf5,17
84732e9a-5909-421c-a41b-67c6eeefdffc,16
48e48c0e-8419-4f2a-ae19-a5a58497e974,17
f71cba65-7a87-4957-a442-6d78a7075805,16
8f5c8c2d-1786-4b4c-803c-2f07246eb3be,16
0caad228-6e7b-4739-865e-3fc465d6f30b,28
57cb2503-20fa-4014-a6dc-0f56ce1453ad,10
e0b15347-50d3-4545-b5f0-5f59f222ec25,11
cf16c1dc-f074-4f8c-8e1b-af6b176da20c,42
42db1e2f-26a8-4d34-a334-98244483e20f,28
25dec026-6e0f-4a18-9d6a-5833ff3c4dfd,38
deed0017-daad-4ff9-b8de-e01c136c8cc1,41
42e73bdc-f4c2-47df-82cf-0a5d1ded5096,16
aa39944d-481a-4fa5-9572-9d23abd47791,17
23446f91-4ab2-470c-b25d-c92b716dacd2,43
92914ea9-c303-4f10-85dc-594563046c56,41
f3fed721-421d-4e57-9ff0-c877d4393749,42
704c1de3-9977-4b1a-a36d-02615c842f7a,41
f3482b2f-6939-4a92-a24b-5015ecd54369,26
2bc1cc17-e3cb-409f-8264-ce6c887849cb,17
316f72a0-58bc-4380-aac4-b7cbdf89ffe7,43
3d58a76f-f7d5-422d-8a36-c8fbc11f52d7,16
598a708e-0aea-4ed8-8cbd-45f1c6bbe643,17
8ff6065e-bc53-41e1-a40a-8b7f1badf592,16
ef87b20f-2198-47ef-b26d-e6089dcb74e7,16
2a529490-2f3d-4614-a7eb-aaaa84e1b431,17
f959930a-1799-44ad-a65c-53b2f91d29d8,16
0b0ebf50-8164-415a-83e8-d2fc4e3ad3c0,42
530e18cb-5e07-4774-86c9-a9bec5338a64,41
690c5c30-7f84-4b93-afd0-5b84f4334ee2,18
7609be9f-17c8-4b89-86c5-ea5ff7510de7,18
e949c9b2-1268-4dbd-9fa9-f828ea08cb4f,41
2d0c3fa3-7b21-49c0-8c7f-20ae2a5e8574,17
34fabf2e-a4e1-4f3f-bebd-0f4ae323780e,42
6169a7d3-94d2-4980-8eb3-943c0da1a77c,16
a7456c77-91b6-4ddb-95b5-817652b1976b,18
c92e0dbb-4ed9-4f43-84ac-b321084667a2,17
e80e0206-c14f-4cd6-a501-f22bf1ffbc70,24
f82edfb5-436d-49e0-baa3-b6c6bf022472,17
3b3a0a3a-87c6-4054-8566-52bb975b3ec1,16
2c37e79e-cf4f-4a3a-a51d-36b4deacbac3,17
41934bb4-83ae-4768-83ef-1fff3184699f,17
7d770f11-9539-45ed-9470-93de03081739,31
7d42a119-1453-4a37-a302-8442efa8229f,43
18130bf0-b56c-48dc-b124-a018c4b97953,17
94ba764a-d760-4eed-8a19-357d8bb17395,45
0da3fe07-617b-42f4-9179-f1c0b950b0e7,16
239255f3-38aa-4846-8cac-eb3a0be547f1,40
1d9406c8-d238-4162-aa03-673f470ab5fb,44
41cdf253-8be0-4bc5-a95d-8026c6dc1a46,43
b5cc09b3-6f13-4aeb-b174-f1b624300898,58
72179ceb-e418-4fc5-bc68-38f385b2706d,41
763ebc80-7fc7-4da1-80d7-a88ffc609180,41
7fd9741e-4a72-4543-b35a-522b0c62f75c,31
66f567c3-9071-4818-ad66-8c4eee7f7689,42
62bd4765-1583-48cf-9f7f-91c49312518f,16
08ada34e-8674-4b38-8232-0dae3b410af1,17
5a031676-0d62-4245-9046-afbf3af4301b,16
e2c62562-1322-4ee4-9cb4-9b4fe08f32e6,16
8567977f-0597-4e68-9ed7-3c47c31d1fec,42
a1f9744b-d587-4dcc-8dff-7f24f3b8119f,41
54ee0fce-afc4-4f26-b25a-0f34e46765ef,17
bc2275e0-610c-4995-a5f1-3f77d06e4efc,41
f1603882-f78b-4bbf-a706-a78ff58004e7,27
6919560f-6dfc-4cc7-9f81-fda2360f39e2,41
09c47262-35e6-4397-b5db-8376ad5c9ab2,16
782b3432-31c5-4a74-a3f0-67cedf2256d9,29
e3f176df-4dfc-424b-8ce1-33ed171a1fc5,18
06e11fa2-9426-4cce-9a7e-122b8d655531,17
663ee5e6-9749-4324-9397-e40e95d40f15,17
579361f9-f257-4293-8c9b-4ea272538ab0,209
48327698-0809-45a7-9ddf-2cdda8addd50,42
9d5c39e3-f2bf-4776-917f-3e0904ccd31e,38
698d441a-3cee-47c3-9a49-5dabfeaf3c6e,42
46e8fea6-852e-4000-8fa1-863d8816645d,16
c9787556-f179-4d00-bee6-a3274d72833a,17
328b3c6a-a8bb-4d09-b269-0fe6d09cba79,16
ced7793c-5d53-47ec-a531-ef019ca2131c,16
0bd4deb0-c186-4e23-9733-411f69723a38,17
e282679b-f40f-47df-afb4-ca830ee8ec15,28
fce69467-c5e4-400b-9fe2-f0bdb9ee5e81,41
5fe21ba4-bf27-43cf-afe9-93eee6ecd287,19
1a7c0ed5-f5b3-4ff6-832b-515cc281edef,43
7626b5b1-64b6-4b6f-9ad3-62896d8489a7,43
ba5bcd48-8c7d-4171-9d7c-43da941927c7,41
1ddd5dde-334d-4351-8f27-c8aec2be03e8,17
20367afc-e2f3-4454-b285-9595c453659f,16
c061ebf0-fe79-4c3d-9c61-ba673634d7d0,17
ab1d7985-19a4-4f5b-9427-90c73054fb34,18
727675bc-fc7b-49ae-8c7f-f9fba4dac013,17
24662cf1-d9d9-4720-b907-0ee5f46262d2,16
c3cd8062-29d7-45ee-ad93-744919501fb6,17
93f28d12-02c6-4206-8308-3b9001a408f6,17
adf9c7c3-b184-41b0-9742-6e897a3932de,41
a69aa672-f02c-462b-9088-e1e75112d88d,30
b70c63b1-13e5-468a-bce0-025c5fd326ea,32
14501e72-b542-4a9e-b23b-207db0b7a3f8,17
9ce2b726-1d55-4fb2-8b29-9c982f1b4f3e,16
a0f283e2-3d21-439c-845a-dab5de13babb,42
e6a58282-4652-4fc0-8687-76f2519203c5,41
e4494adc-682e-44b6-a2c6-30351a0bcba6,16
980b4b61-4ad1-49d6-88be-544f0b4c958e,42
22b44c6f-8c15-47d1-8227-e82bb2aee30e,40
3fb9c36c-25e2-4a22-8bf2-4ebf5651e4dc,43
43716687-985c-4a8c-82c1-cc4d43ed974d,16
f2e19776-591f-4470-bef6-8a79f3ab9e07,15
254598c8-5909-4d5a-827c-396377d320ee,16
a6d55c15-b5e1-4ee8-982e-b7ce73429937,16
d8182e11-4717-4a1a-8eaf-42382c0af7e1,16
3116f640-ea4d-4072-8df1-a8c2e2adf99a,17
eadb9649-f738-464d-95d5-7a9cdb1e3c8a,43
49b735f1-d51c-461c-81c9-a70959ea3df6,16
54f369ae-630f-40e0-8449-35f824d5656c,11
5ef76325-d693-4337-ac74-216c78dc3b6a,16
6c7c1124-ac3e-4d35-94c3-c63c33ef5fb5,16
5bcdfe7c-c014-4d52-9a97-1bcd78de3b4f,41
0fdcb928-eddd-4af4-ab13-cc84cf7a2afb,29
4096533e-ce18-41b1-8eee-51ef7a96124b,16
f1107e99-22ba-48b2-8d33-9b8b16ba970b,42
23196a1a-dfd9-44f4-a355-b05f74a66832,16
361c7a3e-f0b4-40bd-b46b-3582ce32e80e,17
3d90c772-3863-429a-b507-ea5dd59959b7,17
8043b72b-395f-407b-a4e6-84e6edc0b50c,16
76de3e5a-5130-4b0b-9a56-371e3ce86ca0,42
49cbd36c-9e38-4b7d-9222-80ae84dfd4f5,13
97355d87-cfd8-4bf0-978c-eb17bcef9767,18
82a8e7ee-2c12-4c28-b999-d68306d8a5fd,42
cfb0cb93-5274-47b2-b370-68c6c9c4bf99,33
1ea42bf5-d5f8-4040-a471-8cc9ed470d30,12
ca976246-a430-419c-bc0e-9a0a1f677301,29
fa75f97a-dd51-45cc-81fe-7022d8f3d8ee,41
ed302224-5187-49df-b121-861dd613a17b,43
114c97ef-40ae-4b19-b8c4-f826e293484a,42
aaf7629e-378c-424e-97f9-67753a098ac4,16
12db0c7f-fc18-4521-a23c-4998414748bd,42
f7cd229f-c16c-4b72-980a-237a0ce80dfa,42
cd079992-0498-413f-baf3-c3aade043cb7,16
be548e98-45a4-409e-8138-df7f0e68842a,16
0ec1f740-07a0-418e-93fe-0f7def21c490,16
444eb3a9-4374-4883-be3c-a82a8b8ea9cf,16
550f2cd4-3767-4023-8a97-7138a86e0f6c,42
d493607c-d3c0-49f2-8046-df5b41097fd2,44
c0af0945-3d61-4183-a66a-ad9bb0321f74,17
8036465a-59b9-4ec0-94bd-54a548b2b5a6,42
9add1b39-b0f7-4a5d-80ee-e74fed53635d,16
d4fbd456-b8f5-4972-9be9-d36aa8233bbc,36
8dd5a63a-9d0e-44e7-9975-ea4909bc14b9,20
0e9d3076-752c-4cb7-a4f7-5a5f4e7f01cd,43
0c28138a-e0bb-461e-9a52-4f9296971202,42
c278c91e-571a-4d8b-af8a-dae82c5abf98,42
47f8ca0b-b9d5-4c50-ab04-132b702f3361,42
96b65f50-aa1f-4920-8845-232d6513d463,42
9cfdab0f-4b4d-44e4-a24d-c5ab228dbac1,42
b336336c-efe8-4288-9b11-8951ec882050,15
3ff34340-b03a-41ef-854f-ac43ef8c9e43,41
a479328f-bdac-4d60-855e-ebe5b694022d,42
d06c979e-3adb-49f1-9de2-00a6fbcddeed,41
36655aec-f33e-4566-a0b7-a167c16fa138,15
2f3983c9-1cf1-4da7-8f4b-b39a431f2a5b,18
653de1b3-40eb-4c11-a51b-da8392cc87ab,20
d0b8b726-e589-4392-9fdf-0406b7aa9f34,16
e7856b72-3f8e-4e90-9657-6ef17b58851d,13
3a5ff54d-6d1d-4d1f-80b6-78dd0dd54701,43
b95f1ae5-80e9-46c1-bde7-4a66767f480b,17
c449d507-b747-40b1-8ee6-a7bf45a5e39a,381
8d112565-df9d-45d1-9845-a49211d1d81b,41
a9f41863-ae22-470a-83ae-11caa7581130,21
d298d551-8d0c-4e17-a159-ef0778bee313,16
aa381367-b75d-4662-9289-b5d0b8b5e90d,42
7a5866c1-81b6-432f-baa5-aa1efcf9d081,41
6d27abf8-3d75-4fb9-a9f1-437b332c69c8,16
c96e6376-08a9-4c6b-82c1-7ad6069c6906,16
5ccf9118-7f37-4fd1-9efa-02d41ed70c36,28
a01a8429-2b32-42c3-806c-62dcfad2532e,17
eb6643c6-e7d9-4706-84c9-4585e3cb807f,42
1db65c5a-b556-46fa-8984-f03522bc72db,42
36399d54-92d8-4ff3-9d5b-1d1e9ea6c445,17
7ffa8aad-f0ae-47f7-aa76-03870c045e4b,17
180d1227-4083-4824-b8a0-390dad14f7c0,18
5af0ed3a-5f89-4a9f-a359-6dd80d3709e3,16
36625b8c-371c-4f1a-b318-7b3f3a8380d1,16
02c0375a-e57a-482a-a951-617b38a716b8,16
9582374f-c8d7-4da9-b936-73bfc3a8c7e0,42
8d789d24-2f71-45ee-b56c-f1560c7971d5,29
b137e9a8-8370-46ee-8b89-b1e56ee94502,41
3efeb7ce-bbfb-4493-9e73-4adc7b31fa98,16
8316359d-b10d-4a8e-8c4b-62569340aab0,19
68290258-3870-4664-8731-cbf902710c43,48
da06f475-75ef-4920-b4ba-ca6d9e89d6e7,17
7bd80833-af26-499f-bd27-7e2f90e330a6,43
8d802985-44db-4b4f-b259-3c20295bde75,17
819e19ef-1499-4f74-af73-a2e76c09b7bd,19
8648221a-2b39-4c84-bf49-7da9189191d8,42
a85c5fb3-345a-457e-9253-90a0caec82d3,43
69450ae2-2afd-4c8a-bfae-ba5cbe25ec8e,17
bffa3389-921a-475b-9d82-e587f4b79369,15
2ca8edff-f31e-405e-a543-a7bfd9e81aa8,17
403f398b-b97a-4882-aed2-c0905a99de36,18
52436297-39fc-4672-8dae-5657a8bee290,41
1b5c56e2-6fd1-4f62-b213-73288c11d45b,14
5d570afc-7df4-4643-9275-bf9a290a7713,111
34488860-1ef6-4500-8085-a8137bb84265,20
063bdf9c-3295-4ecb-b29b-83804d3832dd,42
8348ef94-d1c1-4b32-b7b8-8a9a411e3af5,17
f31cd8df-5585-43b1-9b1a-d4d4bdfff782,41
1765d0c0-75aa-4652-acb0-79b168df0078,44
6fee1149-dba5-49dc-96eb-8839008a1c94,17
71ac77e7-0b10-4e6a-9bd0-70602ced75b2,45
e2ee50e9-d8e5-443f-98c9-1d84f645b9ad,42
63a4b2ec-c34f-4749-884e-8e0c9f1e2c7b,12
31d81f8b-346f-40e2-b22b-71f28bbaab83,38
91440276-4e2f-47cc-8fc9-f9df0d454b1b,18
177d7f4a-051f-4d16-b9d2-3cdb94594cd6,17
bd93493b-00d6-4186-98a6-a1dae6d52f7d,15
dfc0ba8f-7c93-4add-bef8-9ee82138bec4,14
86802d5a-226d-4569-a3d4-d32f444cc4cd,16
a066fe68-3bd0-4ae3-93d5-12d41d8bffaf,42
c41d8dc0-f804-4df6-b57a-ebe1b8bfba79,30
0298063e-22fc-4495-b44b-c1c66e3defa4,16
55a8df43-1126-4a95-94b9-fcd0c6997ad1,16
649f35bc-b5be-4ac7-a934-13092d10b740,16
5d3ddf7a-0b95-4b2d-b754-eac10568b2cb,19
1b152802-36a6-4f3c-bb01-3bd9786c620d,41
7fc6110d-ac95-4afe-8fc5-53da4323e5e6,29
dac44a4c-6bd8-4ab0-8391-a90f347f2519,16
25c239a9-4752-488b-8cf1-b36886816635,17
64c4c667-c452-43c5-af04-3e41e6cae03b,41
bd156287-e936-461f-961b-df920ca45e48,28
a363f95a-3878-44ba-be35-a2f2799cf619,17
bd1cb4e0-8672-4f3b-b4f8-93bed866ed9c,17
2eb8f7e0-3691-416d-bda1-a8b8bffa0b9a,41
23ee9e8b-f554-4d93-8a74-4846ac80db16,18
0d6c80bb-6dd1-422d-824a-c126dabf8d15,17
ddb73ebc-0f59-4363-897f-92ad464a9448,16
dbea3660-3775-417b-aeea-1ced98f08100,40
fd080c34-aec3-47a9-9fab-09554f567dca,27
01f50e4e-779a-41cd-adb5-9d38eb9b6708,17
c1e5c1cc-373e-4461-85ff-56f6111f1bcd,16
9ec79777-e6cd-4cd9-be69-e3eeb715b14f,41
82bfbd26-37d6-4651-99cd-d1c3938283da,16
531acffc-d9ea-47cf-aa50-ab02a0665809,16
00590ae3-14aa-48bb-a138-3f739e899f91,16
204505d9-ee52-44ec-8a92-7eab1d3d7e75,17
ff72843e-a2b1-461a-a2cd-f746afd1176d,16
301a354e-2a10-4fd1-a76f-1c7818deb63e,16
c42ee15c-6664-4d74-8e94-73a7f4624adb,29
4f596359-4da6-43a6-9b5b-40259bdd3313,18
980b53ff-4489-46e5-9e8a-abc1c79b6654,17
d909d1f6-b299-4017-99a1-9d593a1e3c55,18
c192930d-c8c1-4b57-89fe-7a6d7e96a831,30
78c3e129-af99-456d-97b9-d0571aa56697,45
d009c840-395d-47de-a395-32cf8ce9bd80,43
5efaf9cd-4c49-40a1-ad1f-7e7e0f7bc794,28
e6d48140-3f09-4214-b999-20c0342781d7,42
25b824a5-1064-402c-9f60-4934d7d09c64,29
9acbeda4-46e7-4b9e-814a-48b1f834fe73,17
3afed6d1-293c-4f18-96f4-abc1221c717c,42
8de4b2af-a04d-4e59-8b0b-15cca0deb0ce,44
4b5aa454-c164-44cb-ad4c-0403d1081eb8,17
bbcdc62e-0908-4f14-bda3-9d8df6ec46f0,17
921d0d57-2d34-4f71-bda6-43dc78ed25fa,16
049698ea-b27f-4054-a0c5-46cf006da20c,18
ff4368d0-622d-4163-ba1d-6c9b646255ee,16
c1f7b411-3734-4510-9d94-9409ee7a5865,42
c114ea87-966f-4fcd-ad15-dfa39a2faf56,41
0adb412e-694d-429b-bac6-691a79fb7830,44
957f725f-26b0-40fe-9fac-2a0c0b297f01,278
e7269ac9-92e0-4d28-98d9-dee70efd9f53,16
f7f53940-cded-4690-8b77-40c18fe7230f,217
da75e252-67f0-4a8d-95a1-cf429495a837,29
3fa277f8-7384-42ba-ae59-c2abb9a4fe49,64
994d60b3-0f98-4a25-aa90-f2c25447145f,29
b53e7482-827c-4307-9b6f-8baf3f8a5be9,16
fa95e337-9c16-4c38-852c-ce23dc9a5272,43
08dd1104-695d-4c8c-8ab8-674d9f99d9a2,44
ba364920-cf03-4672-93bd-8b668f8422eb,17
68d794b7-8831-442c-9d79-2af81009a9c1,18
2501bd94-6db6-480a-8fd8-ffb6b5343c69,16
77e091ae-fca2-4588-936e-3befa32b5b12,17
c80e6146-e968-4bff-9a6f-e1655dea2428,43
64edd06a-a692-4a92-91d1-d5de91bf9b25,18
4aca04f0-b9a6-4a64-bb4f-b7299b25ce66,16
d1918b19-24dc-4887-a2da-6a934559e930,41
2f109bb1-055e-4233-b759-01bd397d72a4,42
beae781f-f9ac-4b07-b8ea-13e890de4c83,28
7923bfba-52e9-4624-ab50-2106b4ca6a21,42
98325301-9afb-4d11-9780-eb5af3cf8965,17
9c4c224e-b3c1-423b-8e4d-004aa91508e3,16
b49cc2ae-213a-48e6-8175-999eaefe990d,19
6af223c0-f561-4e72-b4e4-8f8e9fb957cf,17
5c5bce47-6c08-4905-ae7f-10328eb35260,16
00adb986-7f8a-4830-b88a-cadcdeef0e62,43
f83a07ac-dc79-4c0a-91da-d4cc6b328bd9,16
fed7b4ca-6011-4bad-a135-ae5b8662b329,6
549386a2-f0f6-4f8b-8fa6-cf190e057b90,42
42c635dd-b72a-4530-8162-bab2b16c75b9,18
ab02d848-7cef-4d3e-8ba2-9a84afaa72d4,16
36681aa8-63d3-4054-90e2-9d378bea1aed,13
b3bbc125-7f86-486d-84fb-6fc93f042ca8,41
d7c136f0-1e04-4acc-ac7f-2f9db08e59e9,43
67db1817-123e-4297-921c-14810c937ee4,94
f2f718f5-7c94-439b-a38b-cee465f581c9,94
550d0a5e-065d-48cd-b61d-b35512dbb3bf,86
041810d4-7180-49b4-9084-bfe95a093766,93
40546bdc-993e-4a60-b6e1-afc23ba8a3c1,76
00c387d9-b669-41b4-843c-50b9b0e4018e,33
e0da228b-b692-40c3-98db-e895b1c55152,88
afcb08c9-757c-46dc-b21d-c3dd08b3f7bf,124
d42b4943-c0b8-43ac-9d1d-fd6e478f6492,120
5ed51d2d-022a-4937-acf2-8536da67c86b,13
c195029f-4132-4dd3-87b0-a06d5c48fc42,18
f6ca9bd8-9e56-4747-8ec2-974a9ee2498d,89
181f3739-94a5-4b58-94c9-1e4083534d69,122
c99bb034-448f-4de8-b689-a692c4c9ddef,88
3a2eac8e-7efd-4890-a92c-e164bf3a004b,91
d53e7fef-de28-488a-bef1-74e5810ab7ab,88
6766def4-5d57-488e-ba8b-ef1c92ff89bc,101
ae40aa69-dff0-413c-833e-d9efe73dc741,127
5feec2c7-64f6-4ea8-b7f2-7ce052116bf4,108
d555e08b-c51c-4f42-8049-93387080e3c7,91
d5f98de1-bee1-4903-b0c6-3eb2665ae680,127
e993103b-b43c-4f50-a391-6af7ae968878,85
82ffb9da-6c3f-459f-9618-1a3b46002f31,127
1282bb1a-d649-4530-bf8a-ef622e5febaa,126
558943c4-5019-4b80-80ab-2de7363bcaa9,87
f35440ac-a926-4f7d-87ac-824d50a904d7,89
b32383f5-ede0-482c-a8c2-ece643321b1e,102
d1fc1c93-b4ab-43c6-bda6-f406a76f07d3,9
39c6e00c-8025-49d4-a997-fea955564bce,33
4f525ced-14b5-46fe-8e2d-9829aa2740aa,90
50740283-c77f-4999-ad0d-9f2292f347e4,115
f82d2c8e-f32a-404c-b615-e475fef665e1,87
1ed30418-aef9-4322-98e3-aa3c70fd8dcc,89
e5a83b2f-26df-45e6-a1aa-0d83e9597d1a,87
9f2e33a9-b036-463b-b0ae-1a1ab92e08be,127
54537d39-aeff-49d1-8475-05349a56acc5,89
b854e827-1b2e-49f5-bcc3-3236c7c92779,122
b98c91e4-555f-4c6c-a1be-3ce941940ef6,91
f67266f5-6ec4-448c-96aa-8514eb6f3ae7,87
e242dd7d-1c5e-4ee1-948b-6579f2c37282,85
3f00aca0-06bb-4525-981e-8e221eec535f,70
096ee6d3-d451-40b3-ada6-7a517e7a27f2,89
4c0d30d8-d78d-454b-9fba-5563cf7ddb90,100
2a9cf772-f624-4778-8a3b-5f736bbce6c4,94
7a876996-9bf5-4e80-9a66-8591e83f81d0,16
86100aa1-e9fa-4972-af91-57e5cddf3226,88
16da1304-c084-4173-89ea-ffe60914ad5e,87
23d8fde1-f5b4-4ae3-8127-45c6c745b61f,117
4dda1729-1afe-46ce-aeba-3a24b3bd0dc0,91
7fc982f2-a7fe-470d-9c0c-ebe64e447679,51
4be9367e-7f4a-421f-850a-cdd8d42a131a,87
319f0a87-b178-4aab-ab37-c7b5832d0540,128
2336a71a-6f2f-4071-8ae3-e454dd312e0b,127
1f8fce0b-4c29-487b-814c-f1883ad06523,88
255db1e2-306e-400b-b3a6-89ce491bd3e7,28
67ecc371-bb90-483f-877f-641b780b8826,127
7fa92ce8-54c1-4122-b790-27dd45cd0f57,85
ebd77b9f-751a-4724-8a18-bb375f71113c,115
7eb2c344-f569-4eed-8190-3b863e097233,121
29a6e406-b141-4e6f-a917-165dea3c5cae,87
c1e6d70a-3bf8-448b-bafb-61c43e4a30a7,89
1eab07de-5148-432b-a435-9dc5c63b306c,96
893b7f0f-3085-498b-a499-a769e09ed821,88
90f4ea3b-caa1-46a6-8c02-df614ba0d83e,113
ff7159d6-67b9-4c00-b567-704c1e34b66a,90
fbcfbac5-d909-4747-94b9-6436b75dea99,47
2fc4e48f-bab7-4e88-ba49-64a068de0e50,90
f11bf9f7-75de-4b0d-bdcf-336273202214,91
7f27aa2b-5b8d-478c-b794-84cb605de9a8,123
b12fae28-80bb-4b7c-9b92-e388b59fef0a,88
6d2bb049-dadb-497c-a98e-b616e174740e,92
9ad32f31-6d7a-4e2d-929e-db0dc9f63b3f,88
24df8099-3ad6-4e39-8d8c-94a89d4ad739,123
429b5956-16a7-422f-be58-2e3a277d1c65,39
8a65c001-1c5d-4174-803c-76f3850ec58c,86
dfc12347-c10a-469f-96e9-e4610c93f53e,100
d614c0df-5cf8-4c5f-86b9-6c0b58dd11bc,59
e1c344ab-2f62-4b4d-88e8-1aa74d10050e,127
5548a381-d24f-498f-adbe-7e49cdd69f35,91
f70723d0-5e97-48cf-8ac2-7eceddc6f3bf,87
71576759-9909-4b20-b3e9-17edfe54ddec,49
87381dd0-d646-475b-848f-0708cdc4aab3,64
610bc522-dda3-43f7-8117-dcf4f85bd419,123
472f37bd-d5c3-49cc-b980-7df7ed1a0fa4,125
2d6f453f-cdcf-4cba-a2b5-3becab4e0b3f,272
33b5d064-3cec-4fb1-a777-ea592f010b4e,87
18d919fd-89d7-481a-bcd7-24ccc870540d,127
7d825761-d396-459f-8ca6-52734ad096a5,101
052041ab-6a3c-4660-94e8-4f116a070b22,116
baf88640-f783-44c7-99ea-e6501abe47c6,86
8c0ab34a-b485-4b6f-9b02-2e39f548fa9e,87
c9f8ca50-020c-4df8-8801-7d355ee63424,87
207599ee-5dc4-496e-a353-7975d883ced3,8
da2f9072-fbca-41e8-8f27-b100f6780453,130
c486385f-1f30-4969-a32b-0b7f1a5f9104,28
2991a49c-a8eb-45d0-a6a6-3b0722b60e82,88
78243496-4d7f-475b-baab-790a3565dabb,71
189babdf-54fe-4875-94ed-3dc2e75f1880,12
d0648ae1-16dc-4dea-80ec-50d02052cb4a,90
bf409833-ddf5-4a3a-9d49-2b271489b620,88
93830231-71af-4102-ab2d-e9f12a70a72d,127
ea037b09-2e0c-4130-bc80-cdc6a9822ca6,95
9004833b-946e-4e46-a1af-ddc6296555af,87
afc032dd-b89d-45ee-a63d-c095c2c0da2c,256
fefa7f32-6c5f-4a19-acd5-f2dc81d2d2a2,91
43add4cb-c493-4a3b-b056-431ae68287cb,91
d0c3d334-8383-4b74-b1d2-5d578d56c7b7,89
de4890e4-de7d-4512-b427-f17dd2020d7e,102
8e3a1b0b-292f-4cc4-abf2-d6105f0fd6b6,91
19362f58-781a-4733-b053-8ae6fa37ace1,25
c503af3c-f07c-4238-9f20-0241853e68e3,71
cae4b686-9246-4746-8641-fd28cdab6ca9,127
858f50bb-a6a0-4f59-a77d-b8ffbc52e3df,11
16a88abf-ebef-4c4d-8396-c55d59ab7bb8,89
d40e0d0c-33ad-4e83-b7a7-b92fc0049806,127
4391c67b-bb50-434c-858d-60da17540a11,122
1d5e8fdf-7ffe-4a80-b9fb-2b50b0ef16a1,122
48b469f0-3b75-46fa-a34c-930fb7cdfcd8,91
f07444a8-2a60-40fc-b635-05660fadc3a9,94
97b53b0b-c540-453a-8397-03a78b29d031,51
71e9040e-4eea-45e1-8858-516507b34dde,88
38657a15-6bac-4b68-9539-2804862841bf,115
74eadce4-2a5c-4860-9030-fd6f9932c236,71
91e36b68-83e2-471a-b846-c5bd7fcf2c7e,22
ef95ab3b-e842-488c-bf09-17f32070a646,131
a50c4620-afad-4064-8636-f5941d0e8b38,88
d958bd59-b6ab-408c-80b3-5a940aa3a072,111
76ff2bf4-5886-442c-9be1-7bcbd00a22be,105
1f2dbc49-6884-4e90-b9ab-c9c04b8a0fcf,121
bc50b122-10ca-4036-a25d-2e2cef54b4d5,88
177973a7-9c2f-4557-bb98-8f89b4f69794,90
f63c77ef-7fe9-4734-b0ba-fd65adef2e40,440
e1a880ea-4938-44e0-8f58-f8f6a2483821,120
a898a1eb-57e3-4af7-b46d-453b1f0b1eb7,88
e14addbf-c37f-44a8-97b5-dfdaa6c4fa03,116
e3095481-db2b-473a-9b0a-ec24d3b63dbc,127
f1a47bb7-4604-4948-b7dc-71962594a742,22
e9489911-dbf1-4192-942d-ca42534a9311,21
481a4499-0179-41d8-b292-e854ba215157,76
bc58b2ea-d683-4121-99cb-3cdcda325375,127
7ddb175a-1265-4ca2-a76d-0deded3f1628,123
ad4037ae-e7be-457c-b76c-e882ab6e37c5,14
cf60301e-3e59-4e3a-a103-3341751f0d83,127
524391ad-b4f0-4925-8ed6-6ad4ad4434fe,53
33c89f7c-e09f-4c7b-bbc6-ad227f997fd3,114
d711e822-8f44-4745-a2fa-e959f456934a,24
9d829c66-9f6a-4065-995d-1891288c6431,113
cffbc8b8-fe6d-4a27-8121-2586152810a6,120
3eaf7d5e-0736-412b-8c03-314b41ee602b,118
6f1206b0-a8a8-44eb-90be-24460a67cda5,127
d1ce29dd-11fd-4b06-8afb-39993c8c78e8,24
b217dc05-86b1-4c7d-8110-297368a72f61,87
9cfaf070-8616-45d7-a5e9-b795d16c2950,125
97d9d2d1-2596-45b0-8c6e-ddd556ad7aa0,88
00c7a904-fe40-4b1e-9aaa-872d0fc7bf54,87
0adbb61d-d762-4e1f-b845-13ea7ada3143,89
ebb6870f-5b14-414b-899d-1312d134a5f0,19
0b5c3ab8-31d1-4f27-912b-52691952031a,73
e7cc3685-b325-4fbc-8858-78882e92e66e,87
f797b433-78aa-46a5-b53c-4fb638325064,89
9729e299-7f0b-4686-90f6-b8d58e7aa759,91
5be622e5-7a22-4cd6-adc6-8a4f3f7bd387,102
82225362-392d-4256-8560-f31781090c45,103
5f1cdfde-9d31-414d-93b2-c0b2d3d3b712,94
a2864dfb-902b-474b-bf8f-e977ba25ec95,90
3b10360e-b0e5-488d-8d9f-0314c37224a0,108
28ed768b-1a45-4090-84f9-6ef4c808b9f3,89
e698455a-1566-4a7d-a456-9e2be6bf239a,89
11c54a36-2480-48d6-8db4-f93be5436f7c,90
ddad0c39-6e97-47a0-82c2-11d22411708d,87
916dd28b-14ce-4a74-a245-ecacd19f8d29,87
ae7bb943-4c40-4414-b57e-45be4f3b5a14,87
ac7492a1-c4c5-47af-9c19-3e8ffb9df1d0,17
2730fc48-ce50-4ce6-a6f7-4477573a0d2a,127
62674f44-6051-4654-bd6c-a3b1073e2bce,89
e8fe29d3-0da6-4b81-b466-72dcb3ab8631,57
c893d077-644a-460d-8081-d4ccbf44a1ea,102
101acea9-b5b9-4b1e-9a4d-ca706fc71e52,199
267f35f6-570f-4f8d-b1cc-92b7ac9070e6,92
2133086f-ad2c-4874-bfa7-2e70a2fe4a39,64
030d5dfc-017d-44c1-963c-e5f4dbdcfc5d,97
ec4b7dca-db92-4a04-b298-a5807f3a0897,92
739f76fd-06ad-4382-bf4c-ba2b0670021c,102
86dccfef-ed9d-463c-b981-0741a604a570,93
c6ec0528-493e-41c9-827a-0f30d6692ec1,90
2dc1a09f-1cc8-45e7-a206-35c4f468e705,84
99220be0-de96-4338-a8bd-e59cac87eada,97
c00fee43-aabc-43a0-94f7-71fbe30f8e36,95
79d74e44-abd5-4141-8e33-c143812457c7,88
8ab1f562-4d2c-48ae-b8a9-ae4bba4f2af9,91
acdb58d0-94fd-4017-b415-4b096124348e,148
dea45291-4ec4-4481-b20c-9933c73bdb95,129
ed84644d-81e4-424b-bd58-0ab63a7fb2f5,94
8737e690-9de6-4155-b1c3-4890eaabfcd3,124
7092d13e-59cf-47ca-926b-828eb1a4b686,37
baeac5e2-8e0b-45d2-8099-d086cd976f51,88
6c194bae-c6dc-46f4-94ca-ce5bf7d4e057,90
ef0bcd93-207f-4b4c-8236-49d23686b3cf,133
e698d712-24dd-46e6-82d0-19d2cad999a3,123
024bb714-0446-4947-a6a8-a250035e3e39,124
37a3d01f-808b-41c0-903e-329df74fbed8,158
a4c708ba-5c5c-4e11-80e4-e08a6c44e11e,86
4001a88d-f35a-4c4d-9e1b-272634f06bce,106
a08c1063-fd00-4375-843c-054fbca0089e,102
a9dd6bf5-fa58-4ff3-9bf3-83c5c53979e1,90
8d63de0a-94c5-4185-99de-30dd63d03639,101
433ee770-b9fd-44d5-b98e-ea9c475e585f,129
7cc248ab-c117-4140-8f54-d559beb64d84,118
b65b84fa-b93b-4b34-91ad-7c592c28faa7,89
3b852751-5eb3-4ccd-9933-ef4b13fca1e0,89
a04ac23c-c863-47ba-af3e-f41f5e88105f,161
bd1251d9-7ec3-4cd4-b782-bf2e5f5f889f,129
8bd7bd02-d380-4405-abe2-7d4c29a157cc,124
b755d03e-bda6-440c-af82-1d6c5873ca7f,131
ff6a61dc-a8d6-4f86-8b35-2de6f8559bbc,152
d4b7a696-a991-4989-8369-19032b8a27fa,164
e52de70b-f2c7-4a1d-8ce1-2b89a91d1cca,113
59d48f26-1300-44c7-b5eb-c85a222d4037,151
ea9c3f28-504b-4da0-a406-64c5fd95b7db,110
306d22a3-17b7-4ec9-8a5b-6bd1d6747483,108
92960f0d-fa36-4995-8bf7-7568715e4895,113
f86cf514-572c-4e09-896a-3da1b28bf33b,184
2bea3bad-15ad-4454-ab16-7fe0d384bf4f,133
c1c8e2d7-0ffc-4a8b-bf57-8e396be9c91c,136
a619ef62-61bb-4693-b205-87adbbbe5377,71
158aeaa5-fc3b-4ba2-8606-74a57a0b12e9,108
fac2ee5a-8ca5-450d-8d5d-2b3b4c04f924,133
6e435f62-8997-4281-8599-94e952e759d6,90
e8328cce-febe-4fd7-b938-afd976eb8ba1,136
34662efa-f3c0-4a37-b987-d704e388b034,372
a1d11b1e-5c26-49d5-85b4-39073c1574c5,82
d8cfd4ea-d56e-4be0-a94e-88e4484c2772,146
0a004824-db4d-4277-b633-5853c3dc659d,106
3bd364fa-0fe0-4fdb-a0d6-90489ac0e116,139
fbb9c2c0-1381-4c3b-b670-cc0ff0cb26ad,109
4a0b5a01-9acc-434e-a0dd-8f04f3d03172,111
0598e8eb-2192-40b9-9a8b-a4b01527772f,133
153f1f97-a905-4541-808d-861546fa56a7,151
9f623b40-fd15-4f72-992b-0e4321a0d694,143
df88439d-378d-43b0-96cd-8f8ebb796af7,110
6b9ea6d7-b71e-48f6-b6d7-597559ed2376,109
b4be90cd-5e2e-41e9-a5b7-c4564d21194c,54
9f998bef-3a68-434a-b684-8dd8a50f65b0,121
0cb47b1b-2ada-4ed6-8550-50f51540358c,136
ffaa8c8b-71d7-46cb-a9a2-7449e330bbc3,128
f90a1ebc-888f-458e-a133-138e27fc84a9,77
70a71b06-d6c3-43fe-b7fc-f518047339ed,134
6cc7b054-88a5-4c25-ba8d-d5629767465b,164
07a44399-ed5d-462b-a99b-061e35e45323,146
ea166677-c17a-4191-bfce-393587e6ad4a,121
ec25f198-0c5e-49b8-a179-99cba5945677,133
e230b928-5325-4bd4-b5dc-ba4ffb2e2af4,55
5a0195d4-ac24-47b7-9849-918edcd37757,149
702875a8-cbb2-473f-bf89-2eda1ef2bb6f,143
8a1a6b54-a0b1-4037-9e57-8f71e6b65ab1,100
dee42564-22ed-45e5-8366-0c7360166688,352
dfcfecf1-c296-400e-b724-4be8c76018a9,85
4cfe8656-4c1e-49f9-a5e3-6a6e9a683feb,103
95abfe98-ec75-467f-8fa5-1136c2068905,103
05c0205b-25db-47e8-bfa7-61eda7796dab,148
9ccd93d9-8fcb-4986-bb3e-21857c29875b,73
6ec0133c-a0ae-4dc0-bcac-7edb5b367d8c,134
7113e58e-8b7f-4e49-8bcf-ebb61d655050,116
3c4a6e29-6ca7-4f74-8a59-d3f976285199,147
1c822e90-5bb2-4dac-9205-7ffc407c3b3b,144
77b27620-e792-45a1-bd46-44bcd6296814,146
24d838c9-fc14-4836-8b91-573a95b2bff6,151
73284c03-b2b1-48d7-ab86-05dfe1c8c69a,152
75a6bb2e-beab-468e-8fae-eb4e363e442d,122
79e62557-a9ff-43a4-a1a5-7f0acbf66a3b,75
26cda01f-e0af-4ffd-a289-b082df1fb760,112
80ceef7e-18ff-45c1-8ded-e40cb4b368f7,98
05be6bf5-6af2-4f77-ad67-22a852e05491,170
e970d462-874a-4289-bf5c-15d83032d609,121
44cee81b-2dec-4da3-82a8-3a875c7529ac,156
c8048cf9-984a-48ee-b49e-8564004cae6a,140
0bb16597-1069-4a03-866b-ddcabc22c1bb,113
1a61ca6f-3599-4ad8-aa5d-15019e72efaa,142
f4d90666-b3ef-48c1-a16d-a8238713f33c,134
2a1ca879-6321-4ec9-bca2-a9964fae9408,52
ae11181d-bbde-4ceb-8ed3-87c3789a485c,109
9a4b3500-3c3e-4e15-821c-2c31eaf49b18,152
05f7d070-ae73-4d68-bbcd-b3a2e53600f0,95
0a212460-2303-4bb7-8641-cba7f5276832,93
0b50c6af-52b0-4dd3-8271-35c4e2c45746,100
53e497e1-f685-43ff-b536-81b9a470155f,117
cf887564-d393-4854-9c34-e713f7b0deb8,148
c5ea687f-78f8-40f8-9237-523e31de4e0a,163
a8a7fcd3-03ca-4386-9df2-c4cd8a769ef5,147
3277b2a8-96e2-41af-aaa2-699ff6eecece,170
07332623-f703-4287-a99e-140f93ece7c5,99
1a41d19d-f1e9-413f-a3e3-a46f7dd063a5,100
fb591410-bd2f-4fdf-b59a-10374dc31faa,31
8c6bdb33-8859-43d1-9d00-dffa60f71e4b,98
d69ccda0-8a5f-4a8f-8665-d54268c3c91e,201
57fc9af2-42be-4461-8d4e-3bb9d1c48929,137
aa182890-fcdf-4c06-991d-626b160b213e,151
9c2be31d-3ec1-456d-bc11-e82123185b5d,94
0eb0ea19-c9be-424f-909e-c14b74d630fd,153
8d7ebb60-65a4-401d-90e1-493cb8f25878,124
f98510a3-cf49-4406-8821-87ffd5bc273e,47
67c21caa-980b-4b8b-8e7c-41ded5d13a44,151
83e97bfd-b52b-4534-bad4-25f262faeb14,93
16b8bd9a-4db4-4fc1-b4da-72374b544ba6,113
6318dfcd-8697-473b-b9bc-ae6c4b7ddff4,95
a63ace4e-47f7-4da4-9ec1-4318fbc9b0d8,130
0b2263b6-0da1-4c8d-9b32-9bbbad5d29bd,126
865b22ff-7576-4126-bce2-05f2726ade29,107
7cd52073-4887-497a-ab83-ec645afe3c32,134
ba0770ef-c4bb-4173-965e-a2b1a18f801a,131
96a18c82-2182-4d74-9165-2392887772e7,305
ce231dc3-9340-4b31-9899-eb27bd23d9a8,94
47b5e354-4253-4e3c-8b32-f8ef0cf18a69,134
13c25525-4242-41ef-b067-fb7ae6cb306e,151
4ff5960e-2e86-426f-a941-dd0421c1d390,106
452f9181-cbac-4ec5-965c-4b5db93cbc9b,125
784146f6-47b1-4717-9184-7e78bad94c42,91
00cd346c-1101-4d01-90d7-822811939398,95
892aaeb8-52b5-48a6-93f3-aa0494e1d10b,142
9e37e06c-241e-481b-8c2e-33dd3cae4807,113
effe08a0-4055-4313-b5fb-aad45b84aeaf,93
ecef5575-4402-49a7-8f65-207b7c1a51d8,98
161b210e-ba89-4946-b8ba-4a691ce5047e,159
6dfb148e-7d5c-4306-98bd-5fb19f8a8aa3,69
f0c77c69-87dc-4ebc-aac9-7ffc9a8b6f24,137
ec5c806d-5020-45b8-9dc7-0ca690df437a,98
ac2a8e30-b179-4d38-9cf5-4b665350f0ac,223
46bd9f12-fddb-4e6b-a811-7ffeda04350a,151
91ebf708-46bb-450e-a6dc-334658880c02,99
29f619d7-b11c-49e8-9cfd-0597d2e73d17,144
7d4a8228-d715-4653-9034-25b9347c8568,109
791e63f3-6238-4f3c-b672-f17c4653e601,98
ca68c497-7b1a-46b0-af6f-b638b7c037c0,112
d6603e5e-e5cd-4124-8cd0-2e9701fbe609,127
329807cd-1990-4cea-8e73-9543e8f4e908,74
c21f254a-86cc-482c-9c12-1dfaa983c6c7,99
a01f47fe-ac06-4ce6-99ef-1d550c69ecb3,161
1a896981-7a81-4482-9654-407fa04b4fe2,88
a200685e-6ba2-4df3-a602-b89e6908f13f,56
fb46e097-8d4d-417a-9b83-a513fa3efc4f,155
90f61f6a-c243-418e-902d-62e520e2abef,157
23d40dd7-6125-4097-8434-72eea19e8639,98
21661e50-71df-49ef-a1d4-27cc2ddb44f7,515
1d15dfa0-aaa1-40d3-a384-580713771864,130
46d86789-a249-4f45-9337-f2244e1c132f,93
3bef0676-c8f5-4089-839c-f40b9851c86f,393
73737542-913b-4165-aae4-c139c1c07f9f,148
7ddd1a62-14bf-42c2-8a48-11e4e8c40d2e,72
9b5efd3a-269d-496e-bab2-0e17321bd992,148
65fd3290-67fc-4048-9bbc-45d42b624af3,136
6e183889-9c2f-46c3-8a1a-147f2344b9ec,104
48df8339-5628-4d05-bd1b-6b2d0bbd00cc,97
f347351a-ed54-4226-908c-b5ada16706c6,151
389527f7-da18-4cd6-b312-8f197d41b28f,133
a7d3a79a-8856-4d70-8de0-fb772182b607,145
323f4dd8-4597-4282-813d-28b446624a6c,81
372993d1-513f-4a7f-a757-03f77c5cedae,103
fa124028-a2d1-426b-8671-22d877247576,153
eeecf0b9-fa06-4c0c-a4c0-df8d6ac71f71,141
42d8447c-c5f8-44df-8ff7-2417f22068ff,80
db466a91-7255-48dc-9171-18ac86c702a9,109
b3d78da0-df96-4e88-81c6-bab2558abc6d,92
d4bd5c11-1f53-45b0-bb81-88a45a2c9cf2,144
d04d7ce1-8038-47f0-be0a-dd78765fe370,148
bbe0bb12-df8c-4777-be66-b45bd8d5add1,151
62ac59f8-08d0-445b-9ddb-31cd08c4071d,148
73a90a5e-3591-49ac-99d6-4da164e4c9ec,111
6c059e53-9409-4618-919e-92b632b7ee36,139
cf80a2f8-f167-4eb6-9b8a-e8f587c49435,94
7bf3e15d-6822-4597-b7ad-15909161fc24,154
47ac71d7-5a7e-40c1-a8dc-16a1df8eb318,159
9a2b3c06-904a-4b36-aebf-4e07c20b09c2,216
83faa3d5-27c9-412e-9d65-d4cf34b94234,153
941fff32-2119-456b-9329-81f97291e1fe,97
2b86ad31-4c05-41ff-9225-6ff712aeb399,109
13459a26-cbb0-446d-b772-4c00f1af7209,146
9ffa0dd4-106a-4bf5-8af9-54f8590493ae,48
83279b33-c6e7-4873-8f2c-0e2a2ebfe702,211
ad02ffba-3106-4a8e-9784-e23efe2d95c6,111
0be5f0c7-748d-4c0e-9673-79a545a8a097,131
57b467ff-d585-410d-b080-b4bdc1464d61,152
f035b0a4-bc79-480c-86f0-2cd6ef8a5638,96
11e9e0b2-bf44-4673-96e2-3d3a27ef89e5,205
92fe9621-9f7a-4336-944e-d2958197b7f2,70
da565128-9e55-41b1-b6e3-936656a803c8,147
d70b68d5-e7c1-482d-9fa0-c0e80e18beab,113
cf80ff55-2e48-4ba8-8ac0-2d21b4a3d5a0,68
1da41752-25c1-4725-895c-abe69c4bf81f,117
4280f52f-e45c-4c07-93ff-f756740a5a52,109
9a74edf6-7022-4f40-957e-fb340a5b3772,70
2afa07bc-52b5-4ac1-9095-369e02a2e9bf,153
e087ad6c-721e-458e-a9db-30f1ec9d1946,150
7c0c449c-8585-4ad5-ae83-eaf39dd8eafe,64
28ac592a-4113-46d8-8b59-52d4442b5a9d,88
c061f013-af3d-43b3-b5e2-8c189ce83b62,125
5c246762-1d95-4612-810d-6bdef83b87a2,148
c6d475c2-7cc2-4118-8aaf-e903d934f503,65
c6a32bfd-41af-4a2a-9972-2292d0c2c1a4,98
7887a634-2dc7-44a2-b57a-8ec8b172b52f,115
784493a0-93d0-4917-bd52-c1abcf737207,101
09c1f765-ae3d-4265-89a9-4b5ede655126,74
5372d541-cfd2-4195-9301-81a4fcc08340,102
ca1ef346-f5c2-4241-83e2-543976bb904f,145
75d6d49b-0bb7-4604-940d-a8f19201eea0,115
165d5560-0e8e-4ec3-9840-45eb9a9d989a,118
ec98c69a-e49a-44a4-81b5-c6cf3d50ad8c,115
023088aa-fa4b-418d-892a-f28e7c50702c,153
4de877e2-27f8-40ca-b9de-5d28706c6d23,145
e07d7ef6-e83a-48a7-9b17-0e5bf6e737dc,148
6dda4d98-6e80-4922-b254-6c2934c40c3d,133
03a5d39b-32f6-49fb-8afc-387ec9e5a8bc,94
24977040-f69e-4e76-a8b2-e55746281d98,101
8109281a-6ccb-4e28-b807-ea505fb342ba,103
035ebc37-b0db-42bc-86f2-00c8cb733fe2,90
01ed64bb-884e-4f90-b47c-7fd55f5ea7d8,65
5081b398-ddcd-4f9b-958e-3796b52e27e7,78
326e46ba-0b3f-45d4-9b38-ae7fedaf7de1,79
e98bafe7-16ea-4e70-9057-54f8529fa178,83
3bf5372a-154c-486b-be51-c26ddcfda83e,83
a591a422-31c2-437b-99a5-8e7a5a3ea5af,71
56ec3ec2-1e03-4b97-acfa-d7c046194443,65
dbb6a58e-5123-457f-b3a7-469a38c2882c,68
706c964b-4d54-4a2d-b871-76f30fb27e2d,85
700b171a-db05-440a-a64d-412f968bdf7c,80
3d32af08-c11b-4851-adc6-cfa613f9389a,87
c92f3eb4-90eb-472d-907c-08c1e0697de7,59
ec3f3507-3597-4051-9f17-8cd237b9d0e0,60
ea6e79e4-db5e-471a-9259-48fc7d698f9e,64
4c89b592-27b9-4ba8-8d97-8bbf575666e7,82
19f11dde-4e1f-469d-89dd-6bde6804adc9,69
a64adf2c-9087-4d17-a819-35710a73bb1c,29
f6104e46-9573-400b-ba43-4f39966cf2d0,69
70006937-84de-4a12-9a91-53146d0257fe,82
46ea3591-269a-44fc-8185-27547be0dfe1,58
538bd45c-4dd8-4285-a477-6b9b94c69a3b,82
0aad0314-b2e8-4e2f-b129-d92f534aca13,83
2a882648-f2e9-4f3b-a478-79cba3be4d4b,83
ba7b6fd3-ab9f-4def-91f5-b36c37ea29f2,88
a3fbef3e-2cb4-4e24-8859-03f679504a4b,83
12086dae-91c6-4002-ac5f-8db644ca5d9f,123
980334e9-1782-4b23-847e-98a54d984422,124
e6605f1a-811b-40a2-8b80-28628ec39750,97
2e91171d-d5ca-4013-896d-dad4e3644934,133
dc18a9c0-8db7-44fa-928f-7fc4b7259e4e,75
348358c2-0830-47b5-b656-94e456aa7075,106
abc21d6d-79a4-4f32-96cb-913481264d59,100
4f89ca55-c4f3-4952-985f-f6b04ce87aea,127
c631a372-a567-4cfa-9f16-3a3248d2c367,87
3687332f-f057-4ea6-9b75-8d1f9cb7a8c8,100
17bdd8fe-ae2b-4b99-9665-5bff386f1308,104
6fa0ac17-d39c-48dd-8586-08d591fc3056,128
f1bfd625-4e66-496e-972c-dda86584e553,125
ab71473a-090f-4bbc-a99e-1f90c645f886,137
f2bb662e-5e53-4846-9f0e-41c7c5807182,141
04e0fb32-0d11-4e4d-814d-fcee6694e823,129
ddf54807-458f-44fe-a146-99f7490175cc,122
566afaf8-3339-4a2d-85ba-ffad83f7e988,47
5245b186-c4a5-4938-8203-7365162d4fbd,58
8c3f582d-f12a-4b6a-9300-3b8aab4c72f7,127
f32354c1-761b-483a-9bf8-3937c7638298,135
18f27643-3466-407f-b4c5-bf5a66c67889,112
298356ac-718d-4e1a-9030-59014e9f7ac1,111
07baf983-69f8-4037-b66c-d17fe2954f0a,121
0332ca91-0ee0-4b16-865b-cb7bfb264a14,51
47452b9f-e3fd-4ec7-a3c1-dee219050d28,188
8a0d1232-8aca-4bb2-a742-ca60694c6a80,166
48a10349-4ccc-4c1f-9276-fa4a634aa170,174
1a79be42-261c-4e7b-8517-2044467a0375,188
0a848896-a113-4fb3-8c21-a5cf0838067e,162
3212fcb6-ebac-42d0-8d84-a1f5dc53742c,101
b33364e1-9c7b-45bd-aa78-29e0cd2a55da,32
be648a73-10e0-4a8e-9b66-f8eb60e8685c,82
9fda1f88-62ab-4717-bb26-23efd4398d93,350
ed014190-81c6-46e6-96b1-b97e0d0bfd0e,131
60fabbb6-916a-40bb-9b98-904eaf80f060,156
b3ad59ab-a54c-4897-9017-38a63cbf47d0,79
c4137b3b-c918-4b70-a6f9-ac51262a1015,79
b8a793e0-f2f1-496d-9d77-7c665f03951f,158
4bb98470-b814-4daa-9cbc-87eb34c20a1f,113
de8f13f5-3b93-43bb-b330-53686a9e5fed,117
36930aa3-936a-4e39-9b98-e465df169767,108
4b82926e-cbd4-4b90-953b-b3bb86527e14,128
5a8505a4-82ee-4e69-8697-3bb50a00e5ad,106
c549dab5-308a-4f35-b8eb-bb8d392cec6a,118
ba90e257-a5a6-40ac-89fd-2c32853912e2,105
3cbca50a-e810-4a95-a703-6147d8950c8d,109
c972d52a-0567-4db6-84c7-cd99312fe00d,112
30014bbe-b4a2-4f47-98e1-d67a1071e96c,104
73197f6c-b676-4bd2-bf15-d2a513b282e6,42
493cae96-029c-4681-8919-67f65ef7c93d,130
4e341afe-38b0-41a6-aa7d-33f40039dc70,210
2138aab1-3c4a-4b07-aee2-082cc0005096,112
0c0e644a-78ad-4093-a442-88565d2d6428,107
15d62199-b2b6-4df6-a14b-1d3c6a4f0f7a,126
8582a7a8-e791-4055-b886-17a31f8c4dcc,96
e0d3ec0c-2e8e-4a41-a1e5-8932f9d9281c,100
6c7f38bb-657e-4f3a-9731-3d6b1932c849,133
760981fb-a324-4085-af7a-47c85bc7cd73,119
13e8fe14-09b5-4028-b082-9d18e753cd6a,76
8802e8cb-3610-417f-9644-76bfed515f4b,103
34553c45-c7cd-400b-8df9-723782ed13fb,109
8dc16b05-7738-4b12-bec2-191af115a7a3,101
a49cfb10-5382-4fc3-b99c-cbfedf4b65e3,128
38cae5d1-dbc6-4cd7-a2e7-86976e2e5615,362
e5afdaba-8d25-4636-b7cb-f7388cd987d9,113
389528a7-9cfe-43b1-ac08-2a23ef3e8c73,112
ba93678c-9917-495f-902b-f27f1e0cf518,122
d97c855d-0cdd-4e06-ac14-9a9c7bb5a2fe,122
0807cebb-74a3-4f8d-beac-ff00af436a21,97
16919e11-6075-4527-984a-15b7aa28adc3,121
1819d0d0-7783-4c74-8653-41fc60e348b7,126
f778b043-6b2a-4c4c-93b8-659c9b82b52a,123
ab5a5513-d2fb-4330-a6bd-7a0e42494460,131
acad2aaa-e084-4fbb-b2c9-43ba920d0299,114
d2329f38-4730-48d0-b054-96616cf5777b,111
4c800c39-e178-4290-90d0-24c11d170fc1,106
5d54d6ed-afa9-468b-8b9b-a4ee36eab963,111
e7f571f2-8914-4e12-ad10-ef10afb598e6,113
a66e8358-050d-4f99-9e42-d4173b967b35,141
d911e16f-a309-4547-b129-dec43eae97b4,112
7da51dbf-373a-4d54-9816-c5609023b106,136
0592f46e-29ab-4633-a207-3661e2765ae4,108
fe8113fd-88a3-4ba5-8817-800ebd1db5ed,107
19b4c813-537a-471d-8310-b06767a4735d,111
1543e203-933a-4ae1-8107-97940f383228,118
be370ae7-8d43-4022-a397-2fe27a8f9afc,69
7e520e2d-f5eb-4e84-a4ec-9d032ad641d9,113
94c0938b-8dce-4994-8e5f-c51f80933ae0,100
f76531bf-1e33-44bc-9912-3f79f364ef75,103
b2ec96e1-43da-4181-bb49-c76754a0b661,116
115e271c-165c-4b13-a16d-736f39e4fd85,124
55f668d2-a23e-49a1-b71d-d98965696a96,109
7ce2fbec-e2a9-4832-ac1b-46f558d0539d,148
6ab2ea33-9a4b-48dd-89e2-d819452a6623,98
915a5e26-3c54-47ff-8af4-fc9e1bcc0f7e,107
26d86868-09d4-48e5-95bc-d12483d30c4c,185
1b5add78-5c48-4ba8-a3d8-64f5bf5e2248,133
6acc4269-58ff-4fcb-a6f6-5df2e14046da,76
996ad251-3c42-4817-b45c-e06e6ffc44c0,130
b220be5c-4a5e-47c2-8dc6-2e32f7dba905,111
cf76b5d1-fd14-4e7f-9f2d-817dd43bb306,134
0e94a475-236e-4ba9-ab95-870552da5360,136
96ed62e3-29bd-478f-b870-1b450f02edba,122
a0112f81-09e4-4776-8ed0-8941d5a8de03,120
e26dc1e3-5256-4e06-a92d-e6538e4e7f95,112
3c070d9a-c92e-4f6f-9349-035d8f0762fc,119
4d32018a-09cb-4f27-ae0c-903e05fd8735,117
aac6626d-3b13-4097-a239-7b8a47d77cab,231
8fe8a162-7077-44a7-8860-1389127ea318,118
c3e081c5-839f-4c67-b1aa-799dcf1f19fb,125
661ff5da-8e01-4a72-8c98-9cb98897739a,126
455984d2-e659-4026-98e0-a43f25db352f,146
2c7d4837-7139-4271-94ac-a38662542eee,137
ac663c8e-e619-4396-a617-a791b4d61b50,92
de250017-832b-4152-b9d6-841a7775f67c,153
eb03e9de-f3ec-4394-8a64-21feeb5a49e7,133
ba309d00-385b-43bf-842f-2dfb04e8f924,112
42e63efd-3655-4ace-86f9-8968a6922518,114
af1e9c47-b672-4fbe-a37b-98477ae629bc,109
f60c9d74-7cae-4f9a-ac7e-c93d46cb160b,143
017932a7-af16-4f8f-bd81-5fa8d379dbd8,97
508bf474-2f78-4fda-a793-7ee93668d9b6,145
7f0d3852-49c8-4ca5-ae16-86aba6ada910,265
4b3d101b-14e5-419b-8c72-bc8da9ceef98,101
db6cc5b0-2aa3-4b14-855e-6ef137c219c8,110
44296ddd-ec4a-49b9-9f62-5cc7b7c4c380,133
57fb4311-182b-4c64-a84c-46a2183a54d1,121
6e1b409e-2da4-4b49-841d-387414eac4cf,115
984388ff-7a30-46c7-92d9-988523e0f0bb,111
d22cb43c-109e-4f1d-a506-89cac00ca9dd,116
640ab009-fb6c-4999-ae7c-446fbff65c0c,122
e420c59e-a111-43de-9ab1-4e6c7f5b68b8,131
50bfa93e-f651-4663-9b4e-9e400b133aae,136
45b736f5-5bb3-4384-858f-050cdc7db916,91
c3930258-dc4c-4614-a533-d12d844e711c,105
c0278617-2367-4b48-b2a2-acd9f4cdb89b,105
7bf96f88-b2d6-41d0-b501-a1eb6841b8f2,119
41bc2af8-c4ab-45bc-9dc7-f2d62151e2dc,131
67db9386-4771-484b-9ec8-ed4303ea738a,98
ac2d21a9-202a-4edb-9f94-474b9873ab74,115
1cfe56fc-b135-4fa4-8a29-6f6b43e6177e,125
9dfaa485-a92b-473a-8158-5e71946ed3d8,68
dc8383a8-bd0c-456b-9ea0-3fe965086bcf,134
ca8f38ab-ba91-4799-875a-b7aaab094d33,141
95c031ec-e3f1-4b89-bbc2-5c47aede7dbe,130
6f29ee69-8862-44da-a309-215f0329f9b0,133
4b4cb2cb-e9de-4bf0-a431-5c957bbcc9da,123
6a7e463a-c643-4c91-8b94-60e3ecbb69b4,124
8320710e-41b1-4e57-a113-1ee22e17fac3,124
48225b66-d649-46d1-95e1-4a59a6751028,111
a99ece85-4882-413c-90e2-6e173245af6e,120
77622bc7-2b47-4490-a860-51ffae5a9b58,32
0d52c708-7952-49d3-9dfa-a7ee13b9edf0,71
41df71fa-cb51-435f-affe-fecedd729fb2,135
68d5fc00-77d2-4012-9a71-952e45bca96e,118
7fbb2b28-d3de-4a9b-ab7f-b0a27441e2cd,123
1f30e5c1-10d5-4f19-9596-585103e62b23,95
4ad5aa03-3974-4b19-a629-b83dbdc15033,140
5ef46885-8aee-470a-8fc8-6b625ee15f0d,136
15c30530-27e5-4d6b-bb3a-84188e008f6c,160
d631aae4-eed1-4eb9-ae5f-d6663f97017f,124
0cb8f517-0c37-4c84-b73f-293ba3a548f0,121
c0756793-b531-4f09-943e-f86dd4ba3122,296
62f0ee75-0d9b-4cab-95f8-6ac2fa6337fb,149
55aaf964-074b-4078-87a2-cd803a5da20a,130
86241565-756d-4ddc-81a7-9d3d634aa0b8,120
ff83fb50-23f6-4045-8262-1ce96f2e254e,76
4d148255-66eb-4247-90bd-39a4260dc89a,92
17f6f7ea-aef8-48e5-8042-b8e7ac5872c2,111
a7e12420-0493-4b9c-b120-e01cf44ae6d0,110
5d927b7d-9813-42e9-8622-5ea92cf4d5ca,134
ed58c223-af35-4c0f-9187-69c09011cee6,126
323d13c1-6560-4f43-9eb3-6614f95516e4,90
462d2085-7397-4c1c-af13-202f86793e7e,96
b8b85b07-2063-427e-874c-12a9abfcbc28,121
23d6a4b1-7564-43a6-bbbc-bf2da9ccbf25,137
9e75c6d3-8db7-44af-b750-19c2bf0790ce,81
61ef5e22-b719-4c7e-975b-08d69d166ac7,120
77cc2298-c904-4b3f-ba12-c88ec1ceec93,108
3621901d-a63e-476b-a944-9cd8a3428b68,131
f4fd7acd-5e3f-4330-8fe2-ba2b1d82f980,112
b7d32308-b434-4a83-99d6-3488b8012b65,124
f688206d-7bc2-41a7-909e-2197175efbab,149
c459ed53-7dfe-4175-b79d-f10dfe250fd1,91
e9f8fbf9-371f-4e41-b50d-457b7bc1da02,48
6286d7d6-43c8-4147-bfee-29eed9f915d7,389
dc6b2051-1efb-44bf-842b-2c5756ef1fc5,173
f5f81627-b440-40c6-aa51-d93ac58be0de,99
b8235bf2-8602-489c-afc2-91f3b509e814,140
0cae3f7e-bb58-4a74-8715-302330636fbe,131
79e0d8d9-ee20-413b-8426-d00f0eb78cd3,113
080ab1d7-cba3-4077-a025-cf52088a67f8,122
9ea18e5b-106e-4dc8-b94a-6c9927d04858,123
20ab63e6-5e58-4b19-af14-56098e661e70,137
e9d12a50-8956-46b6-b3c0-1a879f2291a3,108
169aabbb-27f6-4d6f-9e54-02a47026d1cc,103
b6d369f3-f142-478b-bb47-cdf33957b966,104
b299ffeb-1054-4b2e-a18c-10246b407d55,108
